rid,method,seed_method,n,k,rng,budget,iters,time,aspl,gap,diameter,girth,deg_min,deg_max,connected
0,A_random,-,10,3,1000,,,0.00010687500002859451,2.022222222222222,0.21333333333333324,4,3,3,3,1
1,A_random,-,10,3,1001,,,6.183899995448883e-05,1.8888888888888888,0.13333333333333325,3,3,3,3,1
2,A_random,-,10,3,1002,,,2.6746999992610654e-05,1.9333333333333333,0.15999999999999995,3,3,3,3,1
3,A_random,-,10,3,1003,,,0.00012098500008050905,1.8,0.07999999999999997,3,4,3,3,1
4,A_random,-,10,3,1004,,,0.00020217399992361607,1.6666666666666667,0.0,2,5,3,3,1
5,A_random,-,10,3,1005,,,4.363800007922691e-05,1.8666666666666667,0.11999999999999997,3,3,3,3,1
6,A_random,-,10,3,1006,,,8.433699997567601e-05,1.8888888888888888,0.13333333333333325,3,3,3,3,1
7,A_random,-,10,3,1007,,,2.4808000034681754e-05,1.8222222222222222,0.09333333333333327,3,3,3,3,1
8,B_girthfirst,-,10,3,2000,,,1.5132113720000007,1.6666666666666667,0.0,2,5,3,3,1
9,B_girthfirst,-,10,3,2001,,,1.5403696250000394,1.6666666666666667,0.0,2,5,3,3,1
10,B_girthfirst,-,10,3,2002,,,1.6283412669999962,1.6666666666666667,0.0,2,5,3,3,1
11,B_girthfirst,-,10,3,2003,,,1.6215640700000904,1.6666666666666667,0.0,2,5,3,3,1
12,B_girthfirst,-,10,3,2004,,,1.5003376270000217,1.6666666666666667,0.0,2,5,3,3,1
13,C_greedy,-,10,3,-1,,,0.00020044699999743898,1.8,0.07999999999999997,3,4,3,3,1
14,D_circulant,-,10,3,-1,,,4.4391999949766614e-05,1.8888888888888888,0.13333333333333325,3,4,3,3,1
15,E_polish,C,10,3,4000,quick,62339,1.0003545450000502,1.6666666666666667,0.0,2,5,3,3,1
16,E_polish,C,10,3,4000,thorough,493413,8.000303805000044,1.6666666666666667,0.0,2,5,3,3,1
17,E_polish,D,10,3,4100,quick,58781,1.0003601790000403,1.6666666666666667,0.0,2,5,3,3,1
18,E_polish,D,10,3,4100,thorough,486704,8.000416420999954,1.6666666666666667,0.0,2,5,3,3,1
19,E_polish,A,10,3,4200,quick,61177,1.000358788000085,1.6666666666666667,0.0,2,5,3,3,1
20,E_polish,A,10,3,4200,thorough,498159,8.000361994000059,1.6666666666666667,0.0,2,5,3,3,1
21,A_random,-,16,4,1000,,,0.000451548000000912,1.9666666666666666,0.13461538461538453,3,3,4,4,1
22,A_random,-,16,4,1001,,,0.0008913599999686994,1.9583333333333333,0.12980769230769224,3,3,4,4,1
23,A_random,-,16,4,1002,,,0.0002455590000636221,1.9666666666666666,0.13461538461538453,3,3,4,4,1
24,A_random,-,16,4,1003,,,0.0016875330001084876,1.975,0.13942307692307693,3,3,4,4,1
25,A_random,-,16,4,1004,,,0.0013441639999882682,1.9166666666666667,0.10576923076923077,3,3,4,4,1
26,A_random,-,16,4,1005,,,0.0006311429999641405,2.0,0.1538461538461538,3,3,4,4,1
27,A_random,-,16,4,1006,,,8.763899995756219e-05,2.0083333333333333,0.1586538461538461,4,3,4,4,1
28,A_random,-,16,4,1007,,,4.3259999984002206e-05,1.95,0.12499999999999993,3,3,4,4,1
29,B_girthfirst,-,16,4,2000,,,1.8008190399999648,1.9,0.09615384615384606,3,4,4,4,1
30,B_girthfirst,-,16,4,2001,,,1.8006096409999373,1.925,0.11057692307692306,3,4,4,4,1
31,B_girthfirst,-,16,4,2002,,,1.8006468089999998,1.9833333333333334,0.14423076923076922,3,4,4,4,1
32,B_girthfirst,-,16,4,2003,,,1.800670863999926,1.875,0.08173076923076919,3,4,4,4,1
33,B_girthfirst,-,16,4,2004,,,1.8005972260000362,1.925,0.11057692307692306,3,4,4,4,1
34,C_greedy,-,16,4,-1,,,0.0009324569999762389,1.8833333333333333,0.08653846153846148,3,4,3,4,1
35,D_circulant,-,16,4,-1,,,0.0004752350000671868,1.9333333333333333,0.11538461538461535,3,4,4,4,1
36,E_polish,C,16,4,4000,quick,24205,1.0016759599999432,1.8083333333333333,0.04326923076923074,3,3,3,4,1
37,E_polish,C,16,4,4000,thorough,191877,8.001627944999996,1.8083333333333333,0.04326923076923074,3,3,3,4,1
38,E_polish,D,16,4,4100,quick,24731,1.0018638469999814,1.75,0.009615384615384581,3,4,4,4,1
39,E_polish,D,16,4,4100,thorough,195745,8.001714859999993,1.75,0.009615384615384581,3,4,4,4,1
40,E_polish,A,16,4,4200,quick,23726,1.0016418760000079,1.75,0.009615384615384581,3,4,4,4,1
41,E_polish,A,16,4,4200,thorough,194598,8.00157737699999,1.75,0.009615384615384581,3,4,4,4,1
42,A_random,-,20,3,1000,,,0.00017402700007096428,2.7,0.14000000000000015,5,3,3,3,1
43,A_random,-,20,3,1001,,,0.00020389299993439636,2.721052631578947,0.1488888888888889,5,3,3,3,1
44,A_random,-,20,3,1002,,,0.00014718800002810895,2.736842105263158,0.15555555555555567,5,3,3,3,1
45,A_random,-,20,3,1003,,,0.0003601119999530056,2.736842105263158,0.15555555555555567,5,3,3,3,1
46,A_random,-,20,3,1004,,,0.00046630499991806573,2.6210526315789475,0.10666666666666681,5,3,3,3,1
47,A_random,-,20,3,1005,,,0.00011890600001152052,2.594736842105263,0.09555555555555557,5,4,3,3,1
48,A_random,-,20,3,1006,,,5.550400010179146e-05,2.6578947368421053,0.12222222222222233,5,4,3,3,1
49,A_random,-,20,3,1007,,,0.00024308900003688905,2.7,0.14000000000000015,5,3,3,3,1
50,B_girthfirst,-,20,3,2000,,,1.5525635739999188,2.442105263157895,0.03111111111111121,4,6,3,3,1
51,B_girthfirst,-,20,3,2001,,,1.558357272999956,2.442105263157895,0.03111111111111121,4,6,3,3,1
52,B_girthfirst,-,20,3,2002,,,1.5687296449999621,2.457894736842105,0.037777777777777806,4,6,3,3,1
53,B_girthfirst,-,20,3,2003,,,1.5528505749999795,2.4842105263157896,0.048888888888889044,4,6,3,3,1
54,B_girthfirst,-,20,3,2004,,,1.5014920149999398,2.4368421052631577,0.028888888888888888,4,6,3,3,1
55,C_greedy,-,20,3,-1,,,0.0005920099999912054,2.4,0.013333333333333376,4,5,3,3,1
56,D_circulant,-,20,3,-1,,,0.00011967900002218812,3.1052631578947367,0.31111111111111117,5,4,3,3,1
57,E_polish,C,20,3,4000,quick,12094,1.0030515419999801,2.3684210526315788,0.0,3,5,3,3,1
58,E_polish,C,20,3,4000,thorough,95992,8.002777908999974,2.3684210526315788,0.0,3,5,3,3,1
59,E_polish,D,20,3,4100,quick,11182,1.0026142919999756,2.3684210526315788,0.0,3,5,3,3,1
60,E_polish,D,20,3,4100,thorough,96713,8.002428992999967,2.3684210526315788,0.0,3,5,3,3,1
61,E_polish,A,20,3,4200,quick,12073,1.0023136070000191,2.4157894736842107,0.020000000000000157,4,5,3,3,1
62,E_polish,A,20,3,4200,thorough,97619,8.002222460999974,2.4157894736842107,0.020000000000000157,4,5,3,3,1
63,A_random,-,20,4,1000,,,0.0019076989999575744,2.126315789473684,0.09189189189189183,4,3,4,4,1
64,A_random,-,20,4,1001,,,0.0014518089999455697,2.1,0.0783783783783784,3,3,4,4,1
65,A_random,-,20,4,1002,,,0.00014698200004659157,2.1578947368421053,0.1081081081081081,4,3,4,4,1
66,A_random,-,20,4,1003,,,0.0008494949998976153,2.1473684210526316,0.10270270270270268,4,3,4,4,1
67,A_random,-,20,4,1004,,,0.0003878399999166504,2.1473684210526316,0.10270270270270268,4,3,4,4,1
68,A_random,-,20,4,1005,,,6.76629999816214e-05,2.1157894736842104,0.08648648648648641,4,3,4,4,1
69,A_random,-,20,4,1006,,,0.002825626000003467,2.1210526315789475,0.08918918918918924,4,3,4,4,1
70,A_random,-,20,4,1007,,,0.0006462540000029549,2.2157894736842105,0.13783783783783782,4,3,4,4,1
71,B_girthfirst,-,20,4,2000,,,1.800979653000013,2.0789473684210527,0.06756756756756754,3,4,4,4,1
72,B_girthfirst,-,20,4,2001,,,1.8245319630000267,2.0789473684210527,0.06756756756756754,4,4,4,4,1
73,B_girthfirst,-,20,4,2002,,,1.800955349999981,2.1315789473684212,0.09459459459459466,4,4,4,4,1
74,B_girthfirst,-,20,4,2003,,,1.8010674800000288,2.0736842105263156,0.06486486486486472,3,4,4,4,1
75,B_girthfirst,-,20,4,2004,,,1.8247366870000405,2.0842105263157893,0.07027027027027015,3,4,4,4,1
76,C_greedy,-,20,4,-1,,,0.0021827799999982744,2.0842105263157893,0.07027027027027015,3,4,4,4,1
77,D_circulant,-,20,4,-1,,,0.0013169569999718078,2.1578947368421053,0.1081081081081081,3,4,4,4,1
78,E_polish,C,20,4,4000,quick,13025,1.0038289099999247,1.9631578947368422,0.008108108108108133,3,3,4,4,1
79,E_polish,C,20,4,4000,thorough,101944,8.003534172999935,1.9631578947368422,0.008108108108108133,3,3,4,4,1
80,E_polish,D,20,4,4100,quick,13041,1.0035881539999991,1.9473684210526316,0.0,3,5,4,4,1
81,E_polish,D,20,4,4100,thorough,104506,8.003436482999973,1.9473684210526316,0.0,3,5,4,4,1
82,E_polish,A,20,4,4200,quick,13072,1.003323518000002,1.9473684210526316,0.0,3,5,4,4,1
83,E_polish,A,20,4,4200,thorough,104977,8.00332689000004,1.9473684210526316,0.0,3,5,4,4,1
0,A_random,-,50,3,1000,,,0.00026449399990724487,3.7477551020408164,0.09964071856287428,6,4,3,3,1
1,A_random,-,50,3,1001,,,0.0006145229999674484,3.743673469387755,0.0984431137724551,7,3,3,3,1
2,A_random,-,50,3,1002,,,0.000592506000089088,3.820408163265306,0.12095808383233535,7,3,3,3,1
3,A_random,-,50,3,1003,,,0.000615093999954297,3.9118367346938774,0.1477844311377245,7,3,3,3,1
4,A_random,-,50,3,1004,,,0.00013758199997937481,3.84734693877551,0.12886227544910178,7,3,3,3,1
5,A_random,-,50,3,1005,,,7.138799992389977e-05,3.8155102040816327,0.11952095808383234,7,3,3,3,1
6,A_random,-,50,3,1006,,,5.990400006794516e-05,3.753469387755102,0.10131736526946113,7,4,3,3,1
7,A_random,-,50,3,1007,,,0.0005827059999319317,3.9893877551020407,0.17053892215568858,8,3,3,3,1
8,B_girthfirst,-,50,3,2000,,,2.1050421499999175,3.639183673469388,0.06778443113772459,6,6,3,3,1
9,B_girthfirst,-,50,3,2001,,,1.8159797889999254,3.586938775510204,0.052455089820359256,6,7,3,3,1
10,B_girthfirst,-,50,3,2002,,,2.0913322180000478,3.602448979591837,0.057005988023952125,6,7,3,3,1
11,B_girthfirst,-,50,3,2003,,,1.8051029590000098,3.563265306122449,0.04550898203592817,6,7,3,3,1
12,B_girthfirst,-,50,3,2004,,,1.9654948529999956,3.569795918367347,0.04742514970059885,6,7,3,3,1
13,C_greedy,-,50,3,-1,,,0.00634377599999425,3.559183673469388,0.044311377245508994,6,5,3,3,1
14,D_circulant,-,50,3,-1,,,0.0005611169999610865,6.877551020408164,1.0179640718562875,13,4,3,3,1
15,E_polish,C,50,3,4000,quick,1770,1.0427569519999906,3.486530612244898,0.022994011976047918,6,7,3,3,1
16,E_polish,C,50,3,4000,thorough,13664,8.042680733999987,3.4179591836734695,0.0028742514970060227,5,8,3,3,1
17,E_polish,D,50,3,4100,quick,1744,1.039300967000031,3.507755102040816,0.029221556886227504,5,7,3,3,1
18,E_polish,D,50,3,4100,thorough,13823,8.040178800000035,3.4179591836734695,0.0028742514970060227,5,8,3,3,1
19,E_polish,A,50,3,4200,quick,1736,1.0403522149999844,3.4726530612244897,0.01892215568862272,6,7,3,3,1
20,E_polish,A,50,3,4200,thorough,13843,8.040780059999975,3.4179591836734695,0.0028742514970060227,5,8,3,3,1
21,A_random,-,50,4,1000,,,0.0008696979999740506,2.874285714285714,0.10897637795275585,5,3,4,4,1
22,A_random,-,50,4,1001,,,0.002241291000018464,3.0024489795918368,0.15842519685039372,5,3,4,4,1
23,A_random,-,50,4,1002,,,0.0066933650000464695,2.9355102040816328,0.13259842519685044,5,3,4,4,1
24,A_random,-,50,4,1003,,,0.0024269369999956325,2.9289795918367347,0.13007874015748033,5,3,4,4,1
25,A_random,-,50,4,1004,,,0.0057586429999219035,2.92,0.12661417322834642,5,3,4,4,1
26,A_random,-,50,4,1005,,,0.0022430000000213113,2.957551020408163,0.14110236220472439,5,3,4,4,1
27,A_random,-,50,4,1006,,,0.002490477000037572,2.939591836734694,0.13417322834645676,5,3,4,4,1
28,A_random,-,50,4,1007,,,0.0005744179999283006,2.9093877551020406,0.12251968503937001,5,3,4,4,1
29,B_girthfirst,-,50,4,2000,,,1.721761669999978,2.843265306122449,0.097007874015748,5,5,4,4,1
30,B_girthfirst,-,50,4,2001,,,1.7224746859999414,2.800816326530612,0.08062992125984246,5,5,4,4,1
31,B_girthfirst,-,50,4,2002,,,1.7218435030000592,2.8302040816326532,0.09196850393700795,5,5,4,4,1
32,B_girthfirst,-,50,4,2003,,,1.7231228809999948,2.8024489795918366,0.08125984251968499,5,5,4,4,1
33,B_girthfirst,-,50,4,2004,,,1.8688891589999912,2.797551020408163,0.0793700787401574,5,5,4,4,1
34,C_greedy,-,50,4,-1,,,0.023664540000027046,2.783673469387755,0.07401574803149609,4,4,4,4,1
35,D_circulant,-,50,4,-1,,,0.01456813700008297,3.36734693877551,0.2992125984251968,5,4,4,4,1
36,E_polish,C,50,4,4000,quick,1582,1.0652909789999967,2.7322448979591836,0.05417322834645666,4,5,4,4,1
37,E_polish,C,50,4,4000,thorough,12730,8.062800496000023,2.697142857142857,0.040629921259842494,4,5,4,4,1
38,E_polish,D,50,4,4100,quick,1575,1.0581638690000545,2.736326530612245,0.05574803149606298,4,5,4,4,1
39,E_polish,D,50,4,4100,thorough,12713,8.059353537999982,2.6987755102040816,0.04125984251968502,4,5,4,4,1
40,E_polish,A,50,4,4200,quick,1529,1.0562305160000278,2.736326530612245,0.05574803149606298,4,5,4,4,1
41,E_polish,A,50,4,4200,thorough,12531,8.060604539999986,2.699591836734694,0.041574803149606286,4,5,4,4,1
0,A_random,-,100,3,1000,,,0.0015548570000873951,4.764242424242425,0.11503546099290796,8,4,3,3,1
1,A_random,-,100,3,1001,,,0.0002980409999508993,4.841818181818182,0.1331914893617022,9,3,3,3,1
2,A_random,-,100,3,1002,,,0.0006584960000282081,4.82,0.12808510638297885,9,3,3,3,1
3,A_random,-,100,3,1003,,,0.0011153530000456158,4.8274747474747475,0.12983451536643031,9,3,3,3,1
4,A_random,-,100,3,1004,,,0.0012204629999814642,4.7327272727272724,0.1076595744680851,8,4,3,3,1
5,A_random,-,100,3,1005,,,0.0006124090000412252,4.8115151515151515,0.1260992907801419,9,4,3,3,1
6,A_random,-,100,3,1006,,,0.0009801310000057128,4.867070707070707,0.13910165484633571,9,4,3,3,1
7,A_random,-,100,3,1007,,,0.00018992799994066445,4.781212121212121,0.11900709219858163,8,3,3,3,1
8,B_girthfirst,-,100,3,2000,,,2.4255810660000634,4.641818181818182,0.08638297872340427,8,7,3,3,1
9,B_girthfirst,-,100,3,2001,,,2.1243188439999585,4.54080808080808,0.06274231678486994,8,8,3,3,1
10,B_girthfirst,-,100,3,2002,,,2.1248463780000293,4.5519191919191915,0.0653427895981087,8,8,3,3,1
11,B_girthfirst,-,100,3,2003,,,2.7197025179999628,4.67959595959596,0.09522458628841622,8,6,3,3,1
12,B_girthfirst,-,100,3,2004,,,2.125526610999941,4.5624242424242425,0.06780141843971639,8,8,3,3,1
13,C_greedy,-,100,3,-1,,,0.04669270699992012,4.471313131313131,0.04647754137115846,7,7,3,3,1
14,D_circulant,-,100,3,-1,,,0.0021306240000740218,13.121212121212121,2.0709219858156027,25,4,3,3,1
15,E_polish,C,100,3,4000,quick,416,1.2333810979999953,4.471313131313131,0.04647754137115846,7,7,3,3,1
16,E_polish,C,100,3,4000,thorough,3186,8.241845092999938,4.412121212121212,0.03262411347517736,7,8,3,3,1
17,E_polish,D,100,3,4100,quick,405,1.2030028000000357,4.649696969696969,0.08822695035460994,9,3,3,3,1
18,E_polish,D,100,3,4100,thorough,3227,8.20826790000001,4.432121212121212,0.03730496453900705,7,8,3,3,1
19,E_polish,A,100,3,4200,quick,409,1.2420248409999886,4.512323232323232,0.05607565011820331,8,7,3,3,1
20,E_polish,A,100,3,4200,thorough,3154,8.242112046999978,4.422424242424243,0.03503546099290795,7,7,3,3,1
21,A_random,-,100,4,1000,,,0.005069513000080406,3.5844444444444443,0.09524691358024681,6,3,4,4,1
22,A_random,-,100,4,1001,,,0.01574573400000645,3.555151515151515,0.08629629629629623,6,3,4,4,1
23,A_random,-,100,4,1002,,,0.0039780329999530295,3.552929292929293,0.08561728395061725,6,3,4,4,1
24,A_random,-,100,4,1003,,,0.0016281119999348448,3.585252525252525,0.09549382716049372,7,3,4,4,1
25,A_random,-,100,4,1004,,,0.005983149999906345,3.573131313131313,0.09179012345679,6,3,4,4,1
26,A_random,-,100,4,1005,,,0.004399544999955651,3.551111111111111,0.08506172839506167,6,3,4,4,1
27,A_random,-,100,4,1006,,,0.0021776419999923746,3.5454545454545454,0.08333333333333326,6,3,4,4,1
28,A_random,-,100,4,1007,,,0.0005952729999307849,3.54,0.08166666666666661,6,3,4,4,1
29,B_girthfirst,-,100,4,2000,,,1.906953028000089,3.4802020202020203,0.06339506172839503,6,5,4,4,1
30,B_girthfirst,-,100,4,2001,,,1.9076811520000092,3.476969696969697,0.06240740740740736,6,5,4,4,1
31,B_girthfirst,-,100,4,2002,,,1.5467738309999959,3.4052525252525254,0.040493827160493816,6,6,4,4,1
32,B_girthfirst,-,100,4,2003,,,1.9063879980000138,3.457777777777778,0.05654320987654316,6,5,4,4,1
33,B_girthfirst,-,100,4,2004,,,1.90582310100001,3.4583838383838383,0.05672839506172832,6,5,4,4,1
34,C_greedy,-,100,4,-1,,,0.15836816800003817,3.356969696969697,0.025740740740740668,5,6,4,4,1
35,D_circulant,-,100,4,-1,,,0.11389257200005432,4.737373737373737,0.4475308641975307,7,4,4,4,1
36,E_polish,C,100,4,4000,quick,360,1.2580971800000498,3.356969696969697,0.025740740740740668,5,6,4,4,1
37,E_polish,C,100,4,4000,thorough,2841,8.26284836900004,3.3442424242424242,0.02185185185185179,5,5,4,4,1
38,E_polish,D,100,4,4100,quick,348,1.2435357599999861,3.4971717171717174,0.06858024691358024,6,3,4,4,1
39,E_polish,D,100,4,4100,thorough,2733,8.28255127500006,3.350909090909091,0.023888888888888873,5,5,4,4,1
40,E_polish,A,100,4,4200,quick,350,1.2696513119999508,3.425858585858586,0.04679012345679008,6,3,4,4,1
41,E_polish,A,100,4,4200,thorough,2885,8.265871273000016,3.349090909090909,0.02333333333333328,5,5,4,4,1
0,A_random,-,200,4,1000,,,0.002443526999968526,4.165427135678392,0.08639580602883368,7,3,4,4,1
1,A_random,-,200,4,1001,,,0.0021484839999175165,4.217889447236181,0.10007863695937097,7,3,4,4,1
2,A_random,-,200,4,1002,,,0.0005283670000153506,4.198241206030151,0.09495412844036698,7,3,4,4,1
3,A_random,-,200,4,1003,,,0.002696710999998686,4.212914572864322,0.09878112712975108,7,3,4,4,1
4,A_random,-,200,4,1004,,,0.0008361209999065977,4.194472361809045,0.0939711664482307,7,3,4,4,1
5,A_random,-,200,4,1005,,,0.015365233000011358,4.172412060301507,0.0882175622542595,7,3,4,4,1
6,A_random,-,200,4,1006,,,0.01458376200002931,4.182914572864322,0.09095674967234603,7,3,4,4,1
7,A_random,-,200,4,1007,,,0.0117724530000487,4.171457286432161,0.08796854521625169,7,3,4,4,1
8,B_girthfirst,-,200,4,2000,,,1.8625696670000025,4.096130653266331,0.06832241153342065,7,6,4,4,1
9,B_girthfirst,-,200,4,2001,,,1.8863402299999734,4.073718592964824,0.06247706422018358,6,6,4,4,1
10,B_girthfirst,-,200,4,2002,,,1.8516632099999697,4.080452261306533,0.06423328964613383,7,6,4,4,1
11,B_girthfirst,-,200,4,2003,,,1.8555313089999572,4.099346733668342,0.06916120576671042,7,6,4,4,1
12,B_girthfirst,-,200,4,2004,,,1.8458415589999504,4.076733668341708,0.06326343381389248,7,6,4,4,1
13,C_greedy,-,200,4,-1,,,1.194682227000044,3.991206030150754,0.04095674967234609,6,5,4,4,1
14,D_circulant,-,200,4,-1,,,0.8795699209999839,6.683417085427136,0.743119266055046,10,4,4,4,1
15,E_polish,C,200,4,4000,quick,90,2.1060552249999773,3.991206030150754,0.04095674967234609,6,5,4,4,1
16,E_polish,C,200,4,4000,thorough,652,9.184318129999951,3.991206030150754,0.04095674967234609,6,5,4,4,1
17,E_polish,D,200,4,4100,quick,86,1.9398889430000281,4.376532663316583,0.14145478374836182,8,3,4,4,1
18,E_polish,D,200,4,4100,thorough,627,8.974479686999985,4.119949748743719,0.07453473132372221,7,4,4,4,1
19,E_polish,A,200,4,4200,quick,85,2.181562993000057,4.132613065326633,0.07783748361730015,7,3,4,4,1
20,E_polish,A,200,4,4200,thorough,627,9.204137469999978,4.02321608040201,0.04930537352555706,6,5,4,4,1
